{
	"format_version": "1.10.0",
	"animation_controllers": {
		"controller.animation.zombie.walk": {
			"initial_state": "idle",
			"states": {
				"idle": {
					"animations": ["idle"],
					"transitions": [
						{"walk": "query.is_moving"}
					],
					"blend_transition": {
						"0.0": 1,
						"0.0056": 0.96571,
						"0.0111": 0.8738,
						"0.0167": 0.74074,
						"0.0222": 0.58299,
						"0.0278": 0.41701,
						"0.0333": 0.25926,
						"0.0389": 0.1262,
						"0.0444": 0.03429,
						"0.05": 0
					}
				},
				"walk": {
					"animations": ["walk"],
					"transitions": [
						{"idle": "!query.is_moving"}
					],
					"blend_transition": {
						"0.0": 1,
						"0.0056": 0.96571,
						"0.0111": 0.8738,
						"0.0167": 0.74074,
						"0.0222": 0.58299,
						"0.0278": 0.41701,
						"0.0333": 0.25926,
						"0.0389": 0.1262,
						"0.0444": 0.03429,
						"0.05": 0
					}
				}
			}
		}
	}
}